;Antwort;Frage;Frage 2;Frage 3;Frage 4;Frage 5;Frage 6;Frage 7
Ausweisdokumente;Der Personalausweis kostet 37,00 € und ist 10 Jahre gültig. Für Antragsteller unter 24 Jahren beträgt die Gebühr 22,80 € bei einer Gültigkeit von 6 Jahren. Der vorläufige Personalausweis kostet 10,00 € und ist 3 Monate gültig.;Wieviel kostet ein neuer Personalausweis?;Wie teuer ist der Ausweis?;Wie zahle ich für einen neuen Pass?;Wie viel kostet es wenn ich meinen Pass erneuern will?;Wie viel euro kostet der Pass?;Was sind die Kosten für einen Personalausweis?;
Ausweisdokumente;Bei der Beantragung des Personalausweises bringen Sie bitte ein Ausweisdokument (Reisepass, alter Personalausweis, Kinderausweis) zur Identifizierung mit. Für den Personalausweis oder den vorläufigen Personalausweis benötigen Sie je ein aktuelles biometrisches Lichtbild, das nicht älter als 1/2 Jahr und nicht bereits für Ihren alten Ausweis oder Reisepass verwendet worden ist.;Was brauche ich zur Beantragung von Reisepass oder Personalausweis?;Was muss ich mitnehmen um einen neuen Pass zu beantragen?;Muss ich was mitnehmen wenn ich meinen Pass abhole?;Was brauch ich für einen neuen Pass?;Wenn ich den neuen Pass beantrage, muss ich da was mitbringen?;Brauch ich irgendwas um den neuen Pass zu beantragen?;
Ausweisdokumente;Der Reisepass kostet für alle Bürger unter 24 Jahren 37,50 EUR und ist 6 Jahre gültig. Ansonsten beträgt die Gebühr 60,00 EUR. Die Gültigkeit beträgt 10 Jahre. Der vorläufige Reisepass kostet 26,00 EUR und ist max. 1 Jahr gültig und kann anlassbezogen verkürzt werden. Die Gebühr für die Ausstellung eines Kinderreisepasses beträgt 13,00 EUR, die Verlängerung kostet 6,00 EUR.;Was kostet ein Reisepass?;Wie teuer ist der Reisepass?;Wie viel Geld kostet der Reisepass?;Muss ich was für den Reisebpass bezahlen?;Wie viel kostet es wenn ich einen Reisepass haben will?;Ist der Reisepass gratis oder kostet der was?;
Ausweisdokumente;Ein Termin zur Beantragung ist für gewöhnlich nicht nötig. Sie können aber selbstverständlich einen Termin über die 0931/370 buchen falls Sie das wünschen.;Brauche ich einen Termin zur Beantragung?;Muss ich vorher einen Termin machen?;Brauch ich einen Termin wenn ich den Pass beantragen will?;Brauch ich nen Termin dafür?;Kann ich da auch ohne Termin hingehen?;Kann ich den Pass auch ohne Termin beantragen?;
Ausweisdokumente;Für Antragsteller unter 24 Jahren beträgt die Gebühr 22,80 € bei einer Gültigkeit von 6 Jahren. Der vorläufige Personalausweis kostet 10,00 € und ist 3 Monate gültig.;Was kostet ein Kinderausweis?;Wie teuer ist der Kinderausweis?;Wie teuer ist der Kinderpass?;Was muss ich für den Kinderpass bezahlen?;Wie viel kostet es wenn ich für mein Kind einen Pass beantrage?;Wie viel Euro kostet es um einen Pass für meine Tochter zu kriegen?;
Ausweisdokumente;Nach den gesetzlichen Vorschriften ist jeder Deutsche, der das 16. Lebensjahr vollendet hat, verpflichtet, sich ausweisen zu können. Dies geschieht in der Regel durch den Besitz eines Personalausweises (oder Reisepasses). Die Beantragung eines Reisepasses für Minderjährige (also vor Vollendung des 18. Lebensjahres) obliegt der Person, die als Sorgeberechtigte den Aufenthalt zu bestimmen hat. Der Reisepass ist generell aber nicht verpflichtend. Es kann jedoch vorkommen, dass der Reisepass zur Einreise bestimmter Länder und Regionen erfolrderlich ist.;Benötigt mein Kind einen Reisepass?;Wir wollen reisen. Braucht mein Kind auch einen Reisepass?;Wann braucht mein Kind ein Reisepass?;Für welche Länder braucht mein Kind ein Reisepass?;Wann braucht mein Kind einen Reisepass?;Brauchen wir einen Kinderreisepass?;
Ausweisdokumente;Im Normalfall können Sie mit einer Bearbeitungsdauer von ca. 3 Wochen rechnen (abhängig von Auftragslage der Bundesdruckerei in Berlin). Der vorläufige Personalausweis wird sofort ausgestellt.;Wann sind meine Ausweisdokumente fertig?;Wie lange dauert es bis der Pass fertig ist?;Wann kann ich meinen Pass abholen?;Wie viele Wochen muss ich auf den Pass warten?;Wann kann ich mit dem fertigen Pass rechnen?;Ich brauche den Pass in zwei Wochen. Reicht das?;
Ausweisdokumente;Bei Verlust des Personalausweises ist unverzüglich die Personalausweisbehörde zu verständigen. Lassen Sie dort oder über den telefonischen Sperrnotruf (gebührenpflichtig 116 116) umgehend ihre Online-Ausweisfunktion sperren.;Mein Ausweis ist weg, was mache ich jetzt?;Ich hab meinen Ausweis verloren. Was kann ich machen?;Mein Ausweis wurde geklaut. Wo kann ich das melden?;Kann ich auch einen neuen Pass beantragen wenn mein alter weg ist?;Ich hab meinen Pass verloren und brauch einen neuen.;Hab meinen Pass verloren. Was jetzt?;
Ausweisdokumente;Die Abholung kann auch durch eine von Ihnen beauftragte Person erfolgen. Hierzu müssen Sie jedoch eine entsprechende Vollmacht ausstellen.;Kann mein Partner meinen Ausweis für mich abholen?;Kann ich jemand anderen schicken um meinen Pass abzuholen?;Ich kann den Pass nicht selbst abholen. Kann ich jemand anderes schicken?;Kann meine Frau den Pass für mich abholen?;Kann mein Mann den Pass für mich abholen?;Reicht es wenn ich meiner Frau eine Vollmacht ausstelle um den Pass abzuholen?;Kann ich jemandem eine Vollmacht ausstellen um den Pass abzuholen?;
